ID,Data,Titulo,Tipologia,Provincia,Distrito,Bairro,Rua,Requerente_Modo,Nome_Identificado,Impacto,Descricao,Estado,Votos,Imagem
ECO-MZ-SOF-2026-001,9/10/2026,Abate Ilícito de Mangal e Deposição de Entulho,Destruição de Ecossistemas Costeiros e Mangal,Sofala,Cidade da Beira,Munhava,Avenida Krus Gomes junto ao canal,Anónimo,Edwin Taimo,Grave,Detetada destruição deliberada de área protegida de mangal para corte de estacas e aterro ilegal com resíduos de construção.,Em Triagem Técnica,14,
ECO-MZ-SOF-2026-002,9/12/2026,Descarga Indiscriminada de Efluentes Não Tratados,Poluição de Recursos Hídricos,Sofala,Cidade da Beira,Ponta Gêa,Zona do Chiveve / Estuário,Anónimo,Anónimo (Não Registado),Moderado,Presença de fortes odores e coloração anómala na água proveniente de descargas comerciais diretas sem passagem por caixa de retenção.,Encaminhado à Inspecção,8,
ECO-MZ-SOF-2026-003,9/14/2026,Acumulação Crítica de Resíduos Sólidos Urbanos,Deposição Inadequada de Resíduos,Sofala,Cidade da Beira,Manga,Próximo ao Mercado da Manga,Identificado,Leyla da Glória Macuácua,Grave,Deposição descontrolada de lixo orgânico e plásticos bloqueando a vala de drenagem principal com risco de contaminação e inundações.,Notificado / Sancionado,22,
ECO-MZ-SOF-2026-004,9/15/2026,Escavação Ilegal de Areia em Zona de Proteção Costeira,Mineração Clandestina,Sofala,Cidade da Beira,Estoril,Praia do Estoril setor norte,Anónimo,José Alberto Macuácua,Grave,Retirada noturna não autorizada de grandes volumes de areia das dunas de proteção costeira com recurso a tratores de carga.,Encaminhado à Inspecção,5,
ECO-MZ-SOF-2026-005,9/18/2026,Poluição Sonora e Atmosférica por Queimada de Plásticos,Deposição Inadequada de Resíduos,Sofala,Cidade da Beira,Vaz,Rua das Oficinas,Anónimo,Anónimo (Não Registado),Leve,Queimada a céu aberto de resíduos industriais e borrachas emitindo fumo denso e tóxico em zona residencial.,Resolvido / Mitigado,5,
ECO-MZ-SOF-2026-006,9/19/2026,Obstrução Ilegal do Canal de Drenagem Autárquico,Poluição de Recursos Hídricos,Sofala,Cidade da Beira,Chaimite,Rua Correia de Brito,Identificado,Edwin Taimo,Moderado,Lançamento de restos de demolição no leito do canal secundário comprometendo o escoamento pluvial da zona centro.,Em Triagem Técnica,11,
ECO-MZ-SOF-2026-007,9/20/2026,Corte Não Autorizado de Árvores de Sombra Protegidas,Exploração Florestal Ilegal,Sofala,Cidade da Beira,Matacuane,Avenida Eduardo Mondlane,Anónimo,Anónimo (Não Registado),Leve,Abate de árvores de grande porte na via pública sem licença ambiental ou plano de reflorestação compensatória.,Resolvido / Mitigado,7,
ECO-MZ-SOF-2026-008,9/22/2026,Derramamento de Óleos Usados de Oficina Mecânica,Poluição de Recursos Hídricos,Sofala,Cidade da Beira,Macurungo,Avenida das Indústrias,Identificado,José Alberto Macuácua,Grave,Descarte contínuo de lubrificantes e óleos de motor usados no solo e na rede subterrânea de águas pluviais.,Encaminhado à Inspecção,16,
ECO-MZ-SOF-2026-009,9/23/2026,Construção Clandestina na Faixa de Proteção do Mangal,Destruição de Ecossistemas Costeiros e Mangal,Sofala,Cidade da Beira,Inhamízua,Bairro 5 zona baixa,Anónimo,Leyla da Glória Macuácua,Grave,Ereção de infraestruturas definitivas em zona húmida de proteção ambiental com corte de vegetação nativa.,Em Triagem Técnica,25,
ECO-MZ-SOF-2026-010,9/24/2026,Venda Ilegal de Espécies de Fauna Aquática Protegida,Caça Furtiva e Abate Ilegal,Sofala,Cidade da Beira,Macuti,Junto à Praia das Palmeiras,Anónimo,Anónimo (Não Registado),Moderado,Comercialização não autorizada de tartarugas marinhas e espécies de peixe em época de defeso.,Notificado / Sancionado,18,
ECO-MZ-SOF-2026-011,9/25/2026,Lixeira Viciada com Resíduos Hospitalares Perigosos,Deposição Inadequada de Resíduos,Sofala,Cidade da Beira,Alto da Manga,Rua do Posto de Saúde,Identificado,Edwin Taimo,Grave,Abandono de agulhas frascos e material biológico descartável em terreno baldio próximo a habitações.,Encaminhado à Inspecção,30,
ECO-MZ-SOF-2026-012,9/26/2026,Erosão Severa Provocada por Extracção de Agregados,Mineração Clandestina,Sofala,Cidade da Beira,Nhangau,Zona de Saibro,Anónimo,Anónimo (Não Registado),Grave,Escavações descontroladas para remoção de saibro causando desestabilização do solo e crateras com água estagnada.,Em Triagem Técnica,13,
